{
    "name": "pxt-peewee-car",
    "description": "",
    "dependencies": {
        "core": "*",
        "radio": "*",
        "microphone": "*",
        "neopixel": "github:microsoft/pxt-neopixel#v0.7.6",
        "pxt-magicbit-pca9685": "github:microbit-cz/pxt-magicbit-pca9685#1.0.0",
        "pxt-sensors": "github:TomasKazda/pxt-sensors#a4146d725fe882187db670cb094772d4e747a220"
    },
    "files": [
        "main.ts",
        "README.md"
    ],
    "testFiles": [
        "test.ts"
    ],
    "targetVersions": {
        "target": "7.0.61",
        "targetId": "microbit"
    },
    "supportedTargets": [
        "microbit"
    ],
    "preferredEditor": "tsprj",
    "languageRestriction": "javascript-only"
}
